,calorieslevel,caloriesmets,time,calories,steps,elevation
0,0,11,0,1.2718199491500854,0,0.0
1,0,12,60,1.3874399662017822,0,0.0
2,0,13,120,1.503059983253479,0,0.0
3,0,12,180,1.3874399662017822,0,0.0
4,0,13,240,1.503059983253479,0,0.0
5,0,11,300,1.2718199491500854,0,0.0
6,0,11,360,1.2718199491500854,0,0.0
7,0,11,420,1.2718199491500854,0,0.0
8,0,11,480,1.2718199491500854,0,0.0
9,1,24,540,2.7748799324035645,4,0.0
10,0,11,600,1.2718199491500854,0,0.0
11,0,11,660,1.2718199491500854,0,0.0
12,0,11,720,1.2718199491500854,0,0.0
13,0,11,780,1.2718199491500854,0,0.0
14,0,11,840,1.2718199491500854,0,0.0
15,0,11,900,1.2718199491500854,0,0.0
16,0,11,960,1.2718199491500854,0,0.0
17,0,11,1020,1.2718199491500854,0,0.0
18,0,11,1080,1.2718199491500854,0,0.0
19,0,11,1140,1.2718199491500854,0,0.0
20,0,11,1200,1.2718199491500854,0,0.0
21,0,11,1260,1.2718199491500854,0,0.0
22,0,11,1320,1.2718199491500854,0,0.0
23,0,11,1380,1.2718199491500854,0,0.0
24,0,10,1440,1.1562000513076782,0,0.0
25,1,26,1500,3.006119966506958,16,0.0
26,1,30,1560,3.468600034713745,23,0.0
27,0,10,1620,1.1562000513076782,0,0.0
28,0,10,1680,1.1562000513076782,0,0.0
29,1,24,1740,2.7748799324035645,10,0.0
30,0,11,1800,1.2718199491500854,0,0.0
31,1,28,1860,3.237360000610352,32,0.0
32,1,32,1920,3.6998400688171382,26,0.0
33,0,11,1980,1.2718199491500854,0,0.0
34,0,10,2040,1.1562000513076782,0,0.0
35,0,10,2100,1.1562000513076782,0,0.0
36,0,11,2160,1.2718199491500854,0,0.0
37,0,11,2220,1.2718199491500854,0,0.0
38,0,10,2280,1.1562000513076782,0,0.0
39,0,10,2340,1.1562000513076782,0,0.0
40,0,10,2400,1.1562000513076782,0,0.0
41,0,10,2460,1.1562000513076782,0,0.0
42,0,11,2520,1.2718199491500854,0,0.0
43,0,11,2580,1.2718199491500854,0,0.0
44,0,10,2640,1.1562000513076782,0,0.0
45,0,10,2700,1.1562000513076782,0,0.0
46,0,10,2760,1.1562000513076782,0,0.0
47,0,11,2820,1.2718199491500854,0,0.0
48,1,26,2880,3.006119966506958,32,0.0
49,0,11,2940,1.2718199491500854,0,0.0
50,0,10,3000,1.1562000513076782,0,0.0
51,0,10,3060,1.1562000513076782,0,0.0
52,0,10,3120,1.1562000513076782,0,0.0
53,1,24,3180,2.7748799324035645,12,0.0
54,0,11,3240,1.2718199491500854,0,0.0
55,0,11,3300,1.2718199491500854,0,0.0
56,0,10,3360,1.1562000513076782,0,0.0
57,0,10,3420,1.1562000513076782,0,0.0
58,0,10,3480,1.1562000513076782,0,0.0
59,0,10,3540,1.1562000513076782,0,0.0
60,0,10,3600,1.1562000513076782,0,0.0
61,0,10,3660,1.1562000513076782,0,0.0
62,0,11,3720,1.2718199491500854,0,0.0
63,0,10,3780,1.1562000513076782,0,0.0
64,0,10,3840,1.1562000513076782,0,0.0
65,0,10,3900,1.1562000513076782,0,0.0
66,0,10,3960,1.1562000513076782,0,0.0
67,0,10,4020,1.1562000513076782,0,0.0
68,0,10,4080,1.1562000513076782,0,0.0
69,0,10,4140,1.1562000513076782,0,0.0
70,0,10,4200,1.1562000513076782,0,0.0
71,0,10,4260,1.1562000513076782,0,0.0
72,0,10,4320,1.1562000513076782,0,0.0
73,0,10,4380,1.1562000513076782,0,0.0
74,0,10,4440,1.1562000513076782,0,0.0
75,0,10,4500,1.1562000513076782,0,0.0
76,0,10,4560,1.1562000513076782,0,0.0
77,0,10,4620,1.1562000513076782,0,0.0
78,0,10,4680,1.1562000513076782,0,0.0
79,0,10,4740,1.1562000513076782,0,0.0
80,0,10,4800,1.1562000513076782,0,0.0
81,0,10,4860,1.1562000513076782,0,0.0
82,0,10,4920,1.1562000513076782,0,0.0
83,0,10,4980,1.1562000513076782,0,0.0
84,0,10,5040,1.1562000513076782,0,0.0
85,0,10,5100,1.1562000513076782,0,0.0
86,0,10,5160,1.1562000513076782,0,0.0
87,0,10,5220,1.1562000513076782,0,0.0
88,0,10,5280,1.1562000513076782,0,0.0
89,0,10,5340,1.1562000513076782,0,0.0
90,0,10,5400,1.1562000513076782,0,0.0
91,0,10,5460,1.1562000513076782,0,0.0
92,0,10,5520,1.1562000513076782,0,0.0
93,0,10,5580,1.1562000513076782,0,0.0
94,0,11,5640,1.2718199491500854,0,0.0
95,0,10,5700,1.1562000513076782,0,0.0
96,0,10,5760,1.1562000513076782,0,0.0
97,0,10,5820,1.1562000513076782,0,0.0
98,0,11,5880,1.2718199491500854,0,0.0
99,0,10,5940,1.1562000513076782,0,0.0
100,0,10,6000,1.1562000513076782,0,0.0
101,0,10,6060,1.1562000513076782,0,0.0
102,0,10,6120,1.1562000513076782,0,0.0
103,0,10,6180,1.1562000513076782,0,0.0
104,0,10,6240,1.1562000513076782,0,0.0
105,0,10,6300,1.1562000513076782,0,0.0
106,0,10,6360,1.1562000513076782,0,0.0
107,0,10,6420,1.1562000513076782,0,0.0
108,0,10,6480,1.1562000513076782,0,0.0
109,0,10,6540,1.1562000513076782,0,0.0
110,0,10,6600,1.1562000513076782,0,0.0
111,0,10,6660,1.1562000513076782,0,0.0
112,0,10,6720,1.1562000513076782,0,0.0
113,0,10,6780,1.1562000513076782,0,0.0
114,0,10,6840,1.1562000513076782,0,0.0
115,0,10,6900,1.1562000513076782,0,0.0
116,0,10,6960,1.1562000513076782,0,0.0
117,0,10,7020,1.1562000513076782,0,0.0
118,0,10,7080,1.1562000513076782,0,0.0
119,0,10,7140,1.1562000513076782,0,0.0
120,0,10,7200,1.1562000513076782,0,0.0
121,0,10,7260,1.1562000513076782,0,0.0
122,0,10,7320,1.1562000513076782,0,0.0
123,0,10,7380,1.1562000513076782,0,0.0
124,0,10,7440,1.1562000513076782,0,0.0
125,0,10,7500,1.1562000513076782,0,0.0
126,0,10,7560,1.1562000513076782,0,0.0
127,0,10,7620,1.1562000513076782,0,0.0
128,0,10,7680,1.1562000513076782,0,0.0
129,0,10,7740,1.1562000513076782,0,0.0
130,0,10,7800,1.1562000513076782,0,0.0
131,0,10,7860,1.1562000513076782,0,0.0
132,0,10,7920,1.1562000513076782,0,0.0
133,0,10,7980,1.1562000513076782,0,0.0
134,0,11,8040,1.2718199491500854,0,0.0
135,0,10,8100,1.1562000513076782,0,0.0
136,0,10,8160,1.1562000513076782,0,0.0
137,0,10,8220,1.1562000513076782,0,0.0
138,0,10,8280,1.1562000513076782,0,0.0
139,0,10,8340,1.1562000513076782,0,0.0
140,0,10,8400,1.1562000513076782,0,0.0
141,0,10,8460,1.1562000513076782,0,0.0
142,0,10,8520,1.1562000513076782,0,0.0
143,0,10,8580,1.1562000513076782,0,0.0
144,0,10,8640,1.1562000513076782,0,0.0
145,0,10,8700,1.1562000513076782,0,0.0
146,0,10,8760,1.1562000513076782,0,0.0
147,0,10,8820,1.1562000513076782,0,0.0
148,0,10,8880,1.1562000513076782,0,0.0
149,0,10,8940,1.1562000513076782,0,0.0
150,0,10,9000,1.1562000513076782,0,0.0
151,0,10,9060,1.1562000513076782,0,0.0
152,0,10,9120,1.1562000513076782,0,0.0
153,0,10,9180,1.1562000513076782,0,0.0
154,0,10,9240,1.1562000513076782,0,0.0
155,0,10,9300,1.1562000513076782,0,0.0
156,0,10,9360,1.1562000513076782,0,0.0
157,0,10,9420,1.1562000513076782,0,0.0
158,0,10,9480,1.1562000513076782,0,0.0
159,0,10,9540,1.1562000513076782,0,0.0
160,0,10,9600,1.1562000513076782,0,0.0
161,0,10,9660,1.1562000513076782,0,0.0
162,0,10,9720,1.1562000513076782,0,0.0
163,0,10,9780,1.1562000513076782,0,0.0
164,0,10,9840,1.1562000513076782,0,0.0
165,0,10,9900,1.1562000513076782,0,0.0
166,0,11,9960,1.2718199491500854,0,0.0
167,0,10,10020,1.1562000513076782,0,0.0
168,0,10,10080,1.1562000513076782,0,0.0
169,0,10,10140,1.1562000513076782,0,0.0
170,0,10,10200,1.1562000513076782,0,0.0
171,0,10,10260,1.1562000513076782,0,0.0
172,0,10,10320,1.1562000513076782,0,0.0
173,0,10,10380,1.1562000513076782,0,0.0
174,0,10,10440,1.1562000513076782,0,0.0
175,0,10,10500,1.1562000513076782,0,0.0
176,0,10,10560,1.1562000513076782,0,0.0
177,0,10,10620,1.1562000513076782,0,0.0
178,0,10,10680,1.1562000513076782,0,0.0
179,0,10,10740,1.1562000513076782,0,0.0
180,0,11,10800,1.2718199491500854,0,0.0
181,0,10,10860,1.1562000513076782,0,0.0
182,0,10,10920,1.1562000513076782,0,0.0
183,0,10,10980,1.1562000513076782,0,0.0
184,0,10,11040,1.1562000513076782,0,0.0
185,0,10,11100,1.1562000513076782,0,0.0
186,0,10,11160,1.1562000513076782,0,0.0
187,0,10,11220,1.1562000513076782,0,0.0
188,0,10,11280,1.1562000513076782,0,0.0
189,0,10,11340,1.1562000513076782,0,0.0
190,0,10,11400,1.1562000513076782,0,0.0
191,0,10,11460,1.1562000513076782,0,0.0
192,0,10,11520,1.1562000513076782,0,0.0
193,0,10,11580,1.1562000513076782,0,0.0
194,0,10,11640,1.1562000513076782,0,0.0
195,0,10,11700,1.1562000513076782,0,0.0
196,0,10,11760,1.1562000513076782,0,0.0
197,0,10,11820,1.1562000513076782,0,0.0
198,0,10,11880,1.1562000513076782,0,0.0
199,0,10,11940,1.1562000513076782,0,0.0
200,0,10,12000,1.1562000513076782,0,0.0
201,0,11,12060,1.2718199491500854,0,0.0
202,1,24,12120,2.7748799324035645,4,0.0
203,0,10,12180,1.1562000513076782,0,0.0
204,0,10,12240,1.1562000513076782,0,0.0
205,0,10,12300,1.1562000513076782,0,0.0
206,0,10,12360,1.1562000513076782,0,0.0
207,0,10,12420,1.1562000513076782,0,0.0
208,0,10,12480,1.1562000513076782,0,0.0
209,0,10,12540,1.1562000513076782,0,0.0
210,0,10,12600,1.1562000513076782,0,0.0
211,0,10,12660,1.1562000513076782,0,0.0
212,0,10,12720,1.1562000513076782,0,0.0
213,0,10,12780,1.1562000513076782,0,0.0
214,0,10,12840,1.1562000513076782,0,0.0
215,0,10,12900,1.1562000513076782,0,0.0
216,0,10,12960,1.1562000513076782,0,0.0
217,0,10,13020,1.1562000513076782,0,0.0
218,0,10,13080,1.1562000513076782,0,0.0
219,0,10,13140,1.1562000513076782,0,0.0
220,0,10,13200,1.1562000513076782,0,0.0
221,1,24,13260,2.7748799324035645,7,0.0
222,0,10,13320,1.1562000513076782,0,0.0
223,0,10,13380,1.1562000513076782,0,0.0
224,0,10,13440,1.1562000513076782,0,0.0
225,0,10,13500,1.1562000513076782,0,0.0
226,0,10,13560,1.1562000513076782,0,0.0
227,0,10,13620,1.1562000513076782,0,0.0
228,0,10,13680,1.1562000513076782,0,0.0
229,0,10,13740,1.1562000513076782,0,0.0
230,0,10,13800,1.1562000513076782,0,0.0
231,0,10,13860,1.1562000513076782,0,0.0
232,0,10,13920,1.1562000513076782,0,0.0
233,0,10,13980,1.1562000513076782,0,0.0
234,0,10,14040,1.1562000513076782,0,0.0
235,0,10,14100,1.1562000513076782,0,0.0
236,0,10,14160,1.1562000513076782,0,0.0
237,0,10,14220,1.1562000513076782,0,0.0
238,0,10,14280,1.1562000513076782,0,0.0
239,0,10,14340,1.1562000513076782,0,0.0
240,0,10,14400,1.1562000513076782,0,0.0
241,0,10,14460,1.1562000513076782,0,0.0
242,0,10,14520,1.1562000513076782,0,0.0
243,0,10,14580,1.1562000513076782,0,0.0
244,0,10,14640,1.1562000513076782,0,0.0
245,0,11,14700,1.2718199491500854,0,0.0
246,0,10,14760,1.1562000513076782,0,0.0
247,0,10,14820,1.1562000513076782,0,0.0
248,0,11,14880,1.2718199491500854,0,0.0
249,0,10,14940,1.1562000513076782,0,0.0
250,0,10,15000,1.1562000513076782,0,0.0
251,0,10,15060,1.1562000513076782,0,0.0
252,0,10,15120,1.1562000513076782,0,0.0
253,0,10,15180,1.1562000513076782,0,0.0
254,0,10,15240,1.1562000513076782,0,0.0
255,0,10,15300,1.1562000513076782,0,0.0
256,0,10,15360,1.1562000513076782,0,0.0
257,0,10,15420,1.1562000513076782,0,0.0
258,0,11,15480,1.2718199491500854,0,0.0
259,0,10,15540,1.1562000513076782,0,0.0
260,0,10,15600,1.1562000513076782,0,0.0
261,0,11,15660,1.2718199491500854,0,0.0
262,0,10,15720,1.1562000513076782,0,0.0
263,0,10,15780,1.1562000513076782,0,0.0
264,0,10,15840,1.1562000513076782,0,0.0
265,0,10,15900,1.1562000513076782,0,0.0
266,0,10,15960,1.1562000513076782,0,0.0
267,0,10,16020,1.1562000513076782,0,0.0
268,0,10,16080,1.1562000513076782,0,0.0
269,0,10,16140,1.1562000513076782,0,0.0
270,0,10,16200,1.1562000513076782,0,0.0
271,0,10,16260,1.1562000513076782,0,0.0
272,0,10,16320,1.1562000513076782,0,0.0
273,0,10,16380,1.1562000513076782,0,0.0
274,0,10,16440,1.1562000513076782,0,0.0
275,0,10,16500,1.1562000513076782,0,0.0
276,0,10,16560,1.1562000513076782,0,0.0
277,0,10,16620,1.1562000513076782,0,0.0
278,0,10,16680,1.1562000513076782,0,0.0
279,0,10,16740,1.1562000513076782,0,0.0
280,0,10,16800,1.1562000513076782,0,0.0
281,0,10,16860,1.1562000513076782,0,0.0
282,0,10,16920,1.1562000513076782,0,0.0
283,0,10,16980,1.1562000513076782,0,0.0
284,0,10,17040,1.1562000513076782,0,0.0
285,0,10,17100,1.1562000513076782,0,0.0
286,0,10,17160,1.1562000513076782,0,0.0
287,0,10,17220,1.1562000513076782,0,0.0
288,0,10,17280,1.1562000513076782,0,0.0
289,0,10,17340,1.1562000513076782,0,0.0
290,0,10,17400,1.1562000513076782,0,0.0
291,0,10,17460,1.1562000513076782,0,0.0
292,0,10,17520,1.1562000513076782,0,0.0
293,0,10,17580,1.1562000513076782,0,0.0
294,0,10,17640,1.1562000513076782,0,0.0
295,0,10,17700,1.1562000513076782,0,0.0
296,0,10,17760,1.1562000513076782,0,0.0
297,0,10,17820,1.1562000513076782,0,0.0
298,0,10,17880,1.1562000513076782,0,0.0
299,0,10,17940,1.1562000513076782,0,0.0
300,0,10,18000,1.1562000513076782,0,0.0
301,0,11,18060,1.2718199491500854,0,0.0
302,0,10,18120,1.1562000513076782,0,0.0
303,0,10,18180,1.1562000513076782,0,0.0
304,0,10,18240,1.1562000513076782,0,0.0
305,0,10,18300,1.1562000513076782,0,0.0
306,0,10,18360,1.1562000513076782,0,0.0
307,0,10,18420,1.1562000513076782,0,0.0
308,0,10,18480,1.1562000513076782,0,0.0
309,0,10,18540,1.1562000513076782,0,0.0
310,0,10,18600,1.1562000513076782,0,0.0
311,0,10,18660,1.1562000513076782,0,0.0
312,0,10,18720,1.1562000513076782,0,0.0
313,0,10,18780,1.1562000513076782,0,0.0
314,0,10,18840,1.1562000513076782,0,0.0
315,0,10,18900,1.1562000513076782,0,0.0
316,0,10,18960,1.1562000513076782,0,0.0
317,0,10,19020,1.1562000513076782,0,0.0
318,0,10,19080,1.1562000513076782,0,0.0
319,0,10,19140,1.1562000513076782,0,0.0
320,0,10,19200,1.1562000513076782,0,0.0
321,0,10,19260,1.1562000513076782,0,0.0
322,0,10,19320,1.1562000513076782,0,0.0
323,0,10,19380,1.1562000513076782,0,0.0
324,0,10,19440,1.1562000513076782,0,0.0
325,0,10,19500,1.1562000513076782,0,0.0
326,0,10,19560,1.1562000513076782,0,0.0
327,0,10,19620,1.1562000513076782,0,0.0
328,0,10,19680,1.1562000513076782,0,0.0
329,0,10,19740,1.1562000513076782,0,0.0
330,0,10,19800,1.1562000513076782,0,0.0
331,0,10,19860,1.1562000513076782,0,0.0
332,0,10,19920,1.1562000513076782,0,0.0
333,0,10,19980,1.1562000513076782,0,0.0
334,0,10,20040,1.1562000513076782,0,0.0
335,0,10,20100,1.1562000513076782,0,0.0
336,0,10,20160,1.1562000513076782,0,0.0
337,0,10,20220,1.1562000513076782,0,0.0
338,0,10,20280,1.1562000513076782,0,0.0
339,0,11,20340,1.2718199491500854,0,0.0
340,0,10,20400,1.1562000513076782,0,0.0
341,0,10,20460,1.1562000513076782,0,0.0
342,0,10,20520,1.1562000513076782,0,0.0
343,0,10,20580,1.1562000513076782,0,0.0
344,0,10,20640,1.1562000513076782,0,0.0
345,0,10,20700,1.1562000513076782,0,0.0
346,0,10,20760,1.1562000513076782,0,0.0
347,0,10,20820,1.1562000513076782,0,0.0
348,0,10,20880,1.1562000513076782,0,0.0
349,0,10,20940,1.1562000513076782,0,0.0
350,0,10,21000,1.1562000513076782,0,0.0
351,0,10,21060,1.1562000513076782,0,0.0
352,0,10,21120,1.1562000513076782,0,0.0
353,0,10,21180,1.1562000513076782,0,0.0
354,0,12,21240,1.3874399662017822,0,0.0
355,0,10,21300,1.1562000513076782,0,0.0
356,0,10,21360,1.1562000513076782,0,0.0
357,0,10,21420,1.1562000513076782,0,0.0
358,0,10,21480,1.1562000513076782,0,0.0
359,0,10,21540,1.1562000513076782,0,0.0
360,0,10,21600,1.1562000513076782,0,0.0
361,1,22,21660,2.543639898300171,6,0.0
362,0,10,21720,1.1562000513076782,0,0.0
363,0,10,21780,1.1562000513076782,0,0.0
364,0,10,21840,1.1562000513076782,0,0.0
365,0,10,21900,1.1562000513076782,0,0.0
366,0,10,21960,1.1562000513076782,0,0.0
367,0,10,22020,1.1562000513076782,0,0.0
368,0,10,22080,1.1562000513076782,0,0.0
369,0,10,22140,1.1562000513076782,0,0.0
370,0,10,22200,1.1562000513076782,0,0.0
371,0,11,22260,1.2718199491500854,0,0.0
372,0,10,22320,1.1562000513076782,0,0.0
373,0,10,22380,1.1562000513076782,0,0.0
374,0,10,22440,1.1562000513076782,0,0.0
375,0,10,22500,1.1562000513076782,0,0.0
376,0,10,22560,1.1562000513076782,0,0.0
377,0,10,22620,1.1562000513076782,0,0.0
378,0,10,22680,1.1562000513076782,0,0.0
379,0,10,22740,1.1562000513076782,0,0.0
380,0,10,22800,1.1562000513076782,0,0.0
381,0,10,22860,1.1562000513076782,0,0.0
382,0,10,22920,1.1562000513076782,0,0.0
383,0,10,22980,1.1562000513076782,0,0.0
384,0,10,23040,1.1562000513076782,0,0.0
385,0,10,23100,1.1562000513076782,0,0.0
386,0,10,23160,1.1562000513076782,0,0.0
387,0,10,23220,1.1562000513076782,0,0.0
388,0,10,23280,1.1562000513076782,0,0.0
389,0,10,23340,1.1562000513076782,0,0.0
390,0,10,23400,1.1562000513076782,0,0.0
391,1,24,23460,2.7748799324035645,8,0.0
392,0,10,23520,1.1562000513076782,0,0.0
393,0,10,23580,1.1562000513076782,0,0.0
394,0,10,23640,1.1562000513076782,0,0.0
395,0,10,23700,1.1562000513076782,0,0.0
396,0,10,23760,1.1562000513076782,0,0.0
397,0,10,23820,1.1562000513076782,0,0.0
398,0,10,23880,1.1562000513076782,0,0.0
399,0,10,23940,1.1562000513076782,0,0.0
400,0,10,24000,1.1562000513076782,0,0.0
401,0,10,24060,1.1562000513076782,0,0.0
402,0,10,24120,1.1562000513076782,0,0.0
403,0,10,24180,1.1562000513076782,0,0.0
404,0,10,24240,1.1562000513076782,0,0.0
405,0,10,24300,1.1562000513076782,0,0.0
406,0,10,24360,1.1562000513076782,0,0.0
407,0,10,24420,1.1562000513076782,0,0.0
408,0,10,24480,1.1562000513076782,0,0.0
409,0,10,24540,1.1562000513076782,0,0.0
410,0,11,24600,1.2718199491500854,0,0.0
411,0,10,24660,1.1562000513076782,0,0.0
412,0,10,24720,1.1562000513076782,0,0.0
413,0,10,24780,1.1562000513076782,0,0.0
414,0,10,24840,1.1562000513076782,0,0.0
415,0,10,24900,1.1562000513076782,0,0.0
416,0,10,24960,1.1562000513076782,0,0.0
417,0,10,25020,1.1562000513076782,0,0.0
418,0,10,25080,1.1562000513076782,0,0.0
419,0,10,25140,1.1562000513076782,0,0.0
420,0,10,25200,1.1562000513076782,0,0.0
421,0,10,25260,1.1562000513076782,0,0.0
422,0,10,25320,1.1562000513076782,0,0.0
423,0,10,25380,1.1562000513076782,0,0.0
424,0,10,25440,1.1562000513076782,0,0.0
425,0,10,25500,1.1562000513076782,0,0.0
426,0,10,25560,1.1562000513076782,0,0.0
427,0,10,25620,1.1562000513076782,0,0.0
428,0,10,25680,1.1562000513076782,0,0.0
429,0,10,25740,1.1562000513076782,0,0.0
430,0,10,25800,1.1562000513076782,0,0.0
431,0,10,25860,1.1562000513076782,0,0.0
432,0,10,25920,1.1562000513076782,0,0.0
433,0,10,25980,1.1562000513076782,0,0.0
434,0,10,26040,1.1562000513076782,0,0.0
435,0,10,26100,1.1562000513076782,0,0.0
436,0,10,26160,1.1562000513076782,0,0.0
437,0,10,26220,1.1562000513076782,0,0.0
438,0,10,26280,1.1562000513076782,0,0.0
439,0,10,26340,1.1562000513076782,0,0.0
440,0,10,26400,1.1562000513076782,0,0.0
441,0,10,26460,1.1562000513076782,0,0.0
442,0,10,26520,1.1562000513076782,0,0.0
443,0,10,26580,1.1562000513076782,0,0.0
444,0,10,26640,1.1562000513076782,0,0.0
445,0,10,26700,1.1562000513076782,0,0.0
446,0,10,26760,1.1562000513076782,0,0.0
447,0,10,26820,1.1562000513076782,0,0.0
448,0,10,26880,1.1562000513076782,0,0.0
449,0,10,26940,1.1562000513076782,0,0.0
450,0,10,27000,1.1562000513076782,0,0.0
451,0,11,27060,1.2718199491500854,0,0.0
452,0,10,27120,1.1562000513076782,0,0.0
453,0,10,27180,1.1562000513076782,0,0.0
454,0,10,27240,1.1562000513076782,0,0.0
455,0,10,27300,1.1562000513076782,0,0.0
456,0,11,27360,1.2718199491500854,0,0.0
457,0,10,27420,1.1562000513076782,0,0.0
458,0,10,27480,1.1562000513076782,0,0.0
459,0,10,27540,1.1562000513076782,0,0.0
460,0,10,27600,1.1562000513076782,0,0.0
461,0,10,27660,1.1562000513076782,0,0.0
462,0,10,27720,1.1562000513076782,0,0.0
463,0,10,27780,1.1562000513076782,0,0.0
464,0,10,27840,1.1562000513076782,0,0.0
465,0,11,27900,1.2718199491500854,0,0.0
466,0,10,27960,1.1562000513076782,0,0.0
467,0,10,28020,1.1562000513076782,0,0.0
468,0,10,28080,1.1562000513076782,0,0.0
469,0,10,28140,1.1562000513076782,0,0.0
470,0,10,28200,1.1562000513076782,0,0.0
471,0,10,28260,1.1562000513076782,0,0.0
472,0,10,28320,1.1562000513076782,0,0.0
473,0,10,28380,1.1562000513076782,0,0.0
474,0,11,28440,1.2718199491500854,0,0.0
475,0,10,28500,1.1562000513076782,0,0.0
476,0,10,28560,1.1562000513076782,0,0.0
477,0,10,28620,1.1562000513076782,0,0.0
478,0,10,28680,1.1562000513076782,0,0.0
479,0,10,28740,1.1562000513076782,0,0.0
480,0,10,28800,1.1562000513076782,0,0.0
481,0,10,28860,1.1562000513076782,0,0.0
482,0,10,28920,1.1562000513076782,0,0.0
483,0,10,28980,1.1562000513076782,0,0.0
484,0,10,29040,1.1562000513076782,0,0.0
485,0,10,29100,1.1562000513076782,0,0.0
486,0,10,29160,1.1562000513076782,0,0.0
487,0,10,29220,1.1562000513076782,0,0.0
488,0,10,29280,1.1562000513076782,0,0.0
489,0,10,29340,1.1562000513076782,0,0.0
490,0,10,29400,1.1562000513076782,0,0.0
491,0,11,29460,1.2718199491500854,0,0.0
492,0,10,29520,1.1562000513076782,0,0.0
493,0,10,29580,1.1562000513076782,0,0.0
494,0,10,29640,1.1562000513076782,0,0.0
495,0,10,29700,1.1562000513076782,0,0.0
496,0,10,29760,1.1562000513076782,0,0.0
497,0,10,29820,1.1562000513076782,0,0.0
498,0,10,29880,1.1562000513076782,0,0.0
499,0,11,29940,1.2718199491500854,0,0.0
500,0,10,30000,1.1562000513076782,0,0.0
501,0,11,30060,1.2718199491500854,0,0.0
502,0,10,30120,1.1562000513076782,0,0.0
503,0,10,30180,1.1562000513076782,0,0.0
504,0,10,30240,1.1562000513076782,0,0.0
505,1,26,30300,3.006119966506958,13,0.0
506,1,26,30360,3.006119966506958,10,0.0
507,0,13,30420,1.503059983253479,0,0.0
508,1,28,30480,3.237360000610352,14,0.0
509,0,10,30540,1.1562000513076782,0,0.0
510,0,10,30600,1.1562000513076782,0,0.0
511,0,10,30660,1.1562000513076782,0,0.0
512,0,10,30720,1.1562000513076782,0,0.0
513,0,10,30780,1.1562000513076782,0,0.0
514,0,10,30840,1.1562000513076782,0,0.0
515,0,11,30900,1.2718199491500854,0,0.0
516,1,30,30960,3.468600034713745,23,0.0
517,1,28,31020,3.237360000610352,22,0.0
518,1,30,31080,3.468600034713745,15,0.0
519,1,28,31140,3.237360000610352,9,0.0
520,1,32,31200,3.6998400688171382,18,0.0
521,1,32,31260,3.6998400688171382,10,0.0
522,0,10,31320,1.1562000513076782,0,0.0
523,0,10,31380,1.1562000513076782,0,0.0
524,0,10,31440,1.1562000513076782,0,0.0
525,0,10,31500,1.1562000513076782,0,0.0
526,0,11,31560,1.2718199491500854,0,0.0
527,0,10,31620,1.1562000513076782,0,0.0
528,0,11,31680,1.2718199491500854,0,0.0
529,0,11,31740,1.2718199491500854,0,0.0
530,0,11,31800,1.2718199491500854,0,0.0
531,1,24,31860,2.7748799324035645,6,0.0
532,1,24,31920,2.7748799324035645,9,0.0
533,0,10,31980,1.1562000513076782,0,0.0
534,0,11,32040,1.2718199491500854,0,0.0
535,1,24,32100,2.7748799324035645,7,0.0
536,1,26,32160,3.006119966506958,10,0.0
537,1,28,32220,3.237360000610352,14,0.0
538,1,60,32280,6.93720006942749,103,0.0
539,1,62,32340,7.168439865112305,108,0.0
540,1,66,32400,7.630919933319093,118,0.0
541,1,60,32460,6.93720006942749,48,3.0480000972747803
542,1,50,32520,5.7810001373291025,16,0.0
543,1,52,32580,6.012239933013916,34,0.0
544,0,13,32640,1.503059983253479,0,0.0
545,0,11,32700,1.2718199491500854,0,0.0
546,0,10,32760,1.1562000513076782,0,0.0
547,0,11,32820,1.2718199491500854,0,0.0
548,0,10,32880,1.1562000513076782,0,0.0
549,0,11,32940,1.2718199491500854,0,0.0
550,0,10,33000,1.1562000513076782,0,0.0
551,0,10,33060,1.1562000513076782,0,0.0
552,0,10,33120,1.1562000513076782,0,0.0
553,0,11,33180,1.2718199491500854,0,0.0
554,1,28,33240,3.237360000610352,24,0.0
555,0,11,33300,1.2718199491500854,0,0.0
556,0,10,33360,1.1562000513076782,0,0.0
557,0,11,33420,1.2718199491500854,0,0.0
558,0,10,33480,1.1562000513076782,0,0.0
559,0,10,33540,1.1562000513076782,0,0.0
560,0,11,33600,1.2718199491500854,0,0.0
561,0,10,33660,1.1562000513076782,0,0.0
562,0,11,33720,1.2718199491500854,0,0.0
563,0,10,33780,1.1562000513076782,0,0.0
564,0,11,33840,1.2718199491500854,0,0.0
565,0,10,33900,1.1562000513076782,0,0.0
566,0,11,33960,1.2718199491500854,0,0.0
567,0,11,34020,1.2718199491500854,0,0.0
568,0,11,34080,1.2718199491500854,0,0.0
569,0,10,34140,1.1562000513076782,0,0.0
570,0,11,34200,1.2718199491500854,0,0.0
571,0,10,34260,1.1562000513076782,0,0.0
572,0,11,34320,1.2718199491500854,0,0.0
573,0,11,34380,1.2718199491500854,0,0.0
574,0,11,34440,1.2718199491500854,0,0.0
575,0,11,34500,1.2718199491500854,0,0.0
576,0,11,34560,1.2718199491500854,0,0.0
577,0,11,34620,1.2718199491500854,0,0.0
578,0,11,34680,1.2718199491500854,0,0.0
579,0,13,34740,1.503059983253479,0,0.0
580,0,13,34800,1.503059983253479,0,0.0
581,0,11,34860,1.2718199491500854,0,0.0
582,0,11,34920,1.2718199491500854,0,0.0
583,0,12,34980,1.3874399662017822,0,0.0
584,1,28,35040,3.237360000610352,15,0.0
585,0,12,35100,1.3874399662017822,0,0.0
586,0,11,35160,1.2718199491500854,0,0.0
587,0,13,35220,1.503059983253479,0,0.0
588,0,13,35280,1.503059983253479,0,0.0
589,1,24,35340,2.7748799324035645,8,0.0
590,0,11,35400,1.2718199491500854,0,0.0
591,0,10,35460,1.1562000513076782,0,0.0
592,0,11,35520,1.2718199491500854,0,0.0
593,0,11,35580,1.2718199491500854,0,0.0
594,0,13,35640,1.503059983253479,0,0.0
595,0,11,35700,1.2718199491500854,0,0.0
596,0,11,35760,1.2718199491500854,0,0.0
597,0,11,35820,1.2718199491500854,0,0.0
598,0,13,35880,1.503059983253479,0,0.0
599,0,11,35940,1.2718199491500854,0,0.0
600,0,10,36000,1.1562000513076782,0,0.0
601,0,11,36060,1.2718199491500854,0,0.0
602,1,26,36120,3.006119966506958,7,0.0
603,0,13,36180,1.503059983253479,0,0.0
604,0,11,36240,1.2718199491500854,0,0.0
605,0,10,36300,1.1562000513076782,0,0.0
606,0,11,36360,1.2718199491500854,0,0.0
607,0,11,36420,1.2718199491500854,0,0.0
608,0,11,36480,1.2718199491500854,0,0.0
609,0,10,36540,1.1562000513076782,0,0.0
610,0,13,36600,1.503059983253479,0,0.0
611,0,12,36660,1.3874399662017822,0,0.0
612,0,10,36720,1.1562000513076782,0,0.0
613,0,10,36780,1.1562000513076782,0,0.0
614,0,11,36840,1.2718199491500854,0,0.0
615,0,10,36900,1.1562000513076782,0,0.0
616,0,11,36960,1.2718199491500854,0,0.0
617,0,13,37020,1.503059983253479,0,0.0
618,1,24,37080,2.7748799324035645,4,0.0
619,0,13,37140,1.503059983253479,0,0.0
620,0,13,37200,1.503059983253479,0,0.0
621,0,12,37260,1.3874399662017822,0,0.0
622,0,13,37320,1.503059983253479,0,0.0
623,0,13,37380,1.503059983253479,0,0.0
624,0,13,37440,1.503059983253479,0,0.0
625,0,10,37500,1.1562000513076782,0,0.0
626,0,10,37560,1.1562000513076782,0,0.0
627,0,10,37620,1.1562000513076782,0,0.0
628,0,11,37680,1.2718199491500854,0,0.0
629,0,10,37740,1.1562000513076782,0,0.0
630,0,11,37800,1.2718199491500854,0,0.0
631,0,10,37860,1.1562000513076782,0,0.0
632,0,12,37920,1.3874399662017822,0,0.0
633,0,13,37980,1.503059983253479,0,0.0
634,0,13,38040,1.503059983253479,0,0.0
635,0,11,38100,1.2718199491500854,0,0.0
636,0,11,38160,1.2718199491500854,0,0.0
637,0,10,38220,1.1562000513076782,0,0.0
638,0,13,38280,1.503059983253479,0,0.0
639,0,10,38340,1.1562000513076782,0,0.0
640,0,10,38400,1.1562000513076782,0,0.0
641,0,11,38460,1.2718199491500854,0,0.0
642,0,11,38520,1.2718199491500854,0,0.0
643,0,11,38580,1.2718199491500854,0,0.0
644,0,11,38640,1.2718199491500854,0,0.0
645,0,11,38700,1.2718199491500854,0,0.0
646,0,11,38760,1.2718199491500854,0,0.0
647,1,24,38820,2.7748799324035645,5,0.0
648,0,10,38880,1.1562000513076782,0,0.0
649,0,11,38940,1.2718199491500854,0,0.0
650,0,11,39000,1.2718199491500854,0,0.0
651,0,11,39060,1.2718199491500854,0,0.0
652,0,11,39120,1.2718199491500854,0,0.0
653,0,11,39180,1.2718199491500854,0,0.0
654,0,10,39240,1.1562000513076782,0,0.0
655,0,11,39300,1.2718199491500854,0,0.0
656,0,11,39360,1.2718199491500854,0,0.0
657,0,11,39420,1.2718199491500854,0,0.0
658,0,11,39480,1.2718199491500854,0,0.0
659,0,10,39540,1.1562000513076782,0,0.0
660,0,10,39600,1.1562000513076782,0,0.0
661,0,10,39660,1.1562000513076782,0,0.0
662,0,10,39720,1.1562000513076782,0,0.0
663,0,11,39780,1.2718199491500854,0,0.0
664,0,11,39840,1.2718199491500854,0,0.0
665,0,11,39900,1.2718199491500854,0,0.0
666,0,11,39960,1.2718199491500854,0,0.0
667,1,24,40020,2.7748799324035645,8,0.0
668,0,11,40080,1.2718199491500854,0,0.0
669,0,11,40140,1.2718199491500854,0,0.0
670,0,11,40200,1.2718199491500854,0,0.0
671,0,10,40260,1.1562000513076782,0,0.0
672,0,10,40320,1.1562000513076782,0,0.0
673,0,11,40380,1.2718199491500854,0,0.0
674,0,11,40440,1.2718199491500854,0,0.0
675,0,11,40500,1.2718199491500854,0,0.0
676,0,11,40560,1.2718199491500854,0,0.0
677,0,11,40620,1.2718199491500854,0,0.0
678,0,11,40680,1.2718199491500854,0,0.0
679,0,11,40740,1.2718199491500854,0,0.0
680,0,11,40800,1.2718199491500854,0,0.0
681,0,10,40860,1.1562000513076782,0,0.0
682,0,10,40920,1.1562000513076782,0,0.0
683,0,11,40980,1.2718199491500854,0,0.0
684,0,10,41040,1.1562000513076782,0,0.0
685,1,24,41100,2.7748799324035645,4,0.0
686,0,10,41160,1.1562000513076782,0,0.0
687,0,10,41220,1.1562000513076782,0,0.0
688,0,10,41280,1.1562000513076782,0,0.0
689,0,11,41340,1.2718199491500854,0,0.0
690,0,11,41400,1.2718199491500854,0,0.0
691,0,11,41460,1.2718199491500854,0,0.0
692,0,13,41520,1.503059983253479,0,0.0
693,0,11,41580,1.2718199491500854,0,0.0
694,0,13,41640,1.503059983253479,0,0.0
695,1,26,41700,3.006119966506958,7,0.0
696,0,13,41760,1.503059983253479,0,0.0
697,0,11,41820,1.2718199491500854,0,0.0
698,0,10,41880,1.1562000513076782,0,0.0
699,0,10,41940,1.1562000513076782,0,0.0
700,0,11,42000,1.2718199491500854,0,0.0
701,0,11,42060,1.2718199491500854,0,0.0
702,0,10,42120,1.1562000513076782,0,0.0
703,0,11,42180,1.2718199491500854,0,0.0
704,0,10,42240,1.1562000513076782,0,0.0
705,0,11,42300,1.2718199491500854,0,0.0
706,0,11,42360,1.2718199491500854,0,0.0
707,0,11,42420,1.2718199491500854,0,0.0
708,0,11,42480,1.2718199491500854,0,0.0
709,1,24,42540,2.7748799324035645,7,0.0
710,0,11,42600,1.2718199491500854,0,0.0
711,0,10,42660,1.1562000513076782,0,0.0
712,0,10,42720,1.1562000513076782,0,0.0
713,0,11,42780,1.2718199491500854,0,0.0
714,0,11,42840,1.2718199491500854,0,0.0
715,0,11,42900,1.2718199491500854,0,0.0
716,0,10,42960,1.1562000513076782,0,0.0
717,0,11,43020,1.2718199491500854,0,0.0
718,0,11,43080,1.2718199491500854,0,0.0
719,1,24,43140,2.7748799324035645,9,0.0
720,0,11,43200,1.2718199491500854,0,0.0
721,1,30,43260,3.468600034713745,10,0.0
722,0,13,43320,1.503059983253479,0,0.0
723,0,13,43380,1.503059983253479,0,0.0
724,0,13,43440,1.503059983253479,0,0.0
725,0,13,43500,1.503059983253479,0,0.0
726,0,13,43560,1.503059983253479,0,0.0
727,1,28,43620,3.237360000610352,9,0.0
728,1,28,43680,3.237360000610352,7,0.0
729,1,30,43740,3.468600034713745,10,0.0
730,1,38,43800,4.39355993270874,48,0.0
731,1,38,43860,4.39355993270874,43,0.0
732,0,13,43920,1.503059983253479,0,0.0
733,0,12,43980,1.3874399662017822,0,0.0
734,0,12,44040,1.3874399662017822,0,0.0
735,0,13,44100,1.503059983253479,0,0.0
736,0,12,44160,1.3874399662017822,0,0.0
737,0,12,44220,1.3874399662017822,0,0.0
738,0,11,44280,1.2718199491500854,0,0.0
739,0,11,44340,1.2718199491500854,0,0.0
740,1,38,44400,4.39355993270874,49,0.0
741,1,38,44460,4.39355993270874,50,0.0
742,0,13,44520,1.503059983253479,0,0.0
743,0,13,44580,1.503059983253479,0,0.0
744,0,13,44640,1.503059983253479,0,0.0
745,0,13,44700,1.503059983253479,0,0.0
746,0,13,44760,1.503059983253479,0,0.0
747,0,13,44820,1.503059983253479,0,0.0
748,0,13,44880,1.503059983253479,0,0.0
749,1,26,44940,3.006119966506958,9,0.0
750,0,13,45000,1.503059983253479,0,0.0
751,0,12,45060,1.3874399662017822,0,0.0
752,0,12,45120,1.3874399662017822,0,0.0
753,0,12,45180,1.3874399662017822,0,0.0
754,0,13,45240,1.503059983253479,0,0.0
755,1,28,45300,3.237360000610352,13,0.0
756,0,13,45360,1.503059983253479,0,0.0
757,1,26,45420,3.006119966506958,6,0.0
758,0,13,45480,1.503059983253479,0,0.0
759,0,13,45540,1.503059983253479,0,0.0
760,0,13,45600,1.503059983253479,0,0.0
761,0,13,45660,1.503059983253479,0,0.0
762,0,13,45720,1.503059983253479,0,0.0
763,0,13,45780,1.503059983253479,0,0.0
764,0,12,45840,1.3874399662017822,0,0.0
765,0,13,45900,1.503059983253479,0,0.0
766,0,12,45960,1.3874399662017822,0,0.0
767,0,12,46020,1.3874399662017822,0,0.0
768,0,11,46080,1.2718199491500854,0,0.0
769,0,12,46140,1.3874399662017822,0,0.0
770,0,13,46200,1.503059983253479,0,0.0
771,0,11,46260,1.2718199491500854,0,0.0
772,1,28,46320,3.237360000610352,13,0.0
773,0,13,46380,1.503059983253479,0,0.0
774,0,12,46440,1.3874399662017822,0,0.0
775,0,13,46500,1.503059983253479,0,0.0
776,0,13,46560,1.503059983253479,0,0.0
777,0,13,46620,1.503059983253479,0,0.0
778,0,13,46680,1.503059983253479,0,0.0
779,0,13,46740,1.503059983253479,0,0.0
780,0,12,46800,1.3874399662017822,0,0.0
781,1,26,46860,3.006119966506958,8,0.0
782,1,28,46920,3.237360000610352,16,0.0
783,1,36,46980,4.162320137023927,47,0.0
784,1,36,47040,4.162320137023927,35,0.0
785,1,34,47100,3.931080102920532,20,0.0
786,1,46,47160,5.3185200691223145,76,0.0
787,1,54,47220,6.243480205535889,90,3.0480000972747803
788,1,56,47280,6.474720001220702,104,0.0
789,1,42,47340,4.856040000915527,17,0.0
790,1,28,47400,3.237360000610352,0,0.0
791,0,12,47460,1.3874399662017822,0,0.0
792,0,13,47520,1.503059983253479,0,0.0
793,0,13,47580,1.503059983253479,0,0.0
794,0,13,47640,1.503059983253479,0,0.0
795,1,28,47700,3.237360000610352,12,0.0
796,0,12,47760,1.3874399662017822,0,0.0
797,0,13,47820,1.503059983253479,0,0.0
798,0,13,47880,1.503059983253479,0,0.0
799,0,10,47940,1.1562000513076782,0,0.0
800,0,11,48000,1.2718199491500854,0,0.0
801,0,11,48060,1.2718199491500854,0,0.0
802,0,13,48120,1.503059983253479,0,0.0
803,1,26,48180,3.006119966506958,6,0.0
804,0,13,48240,1.503059983253479,0,0.0
805,0,13,48300,1.503059983253479,0,0.0
806,0,12,48360,1.3874399662017822,0,0.0
807,0,13,48420,1.503059983253479,0,0.0
808,0,12,48480,1.3874399662017822,0,0.0
809,0,11,48540,1.2718199491500854,0,0.0
810,0,11,48600,1.2718199491500854,0,0.0
811,0,11,48660,1.2718199491500854,0,0.0
812,0,10,48720,1.1562000513076782,0,0.0
813,0,13,48780,1.503059983253479,0,0.0
814,1,24,48840,2.7748799324035645,6,0.0
815,1,26,48900,3.006119966506958,10,0.0
816,0,10,48960,1.1562000513076782,0,0.0
817,0,11,49020,1.2718199491500854,0,0.0
818,0,11,49080,1.2718199491500854,0,0.0
819,0,10,49140,1.1562000513076782,0,0.0
820,0,10,49200,1.1562000513076782,0,0.0
821,0,10,49260,1.1562000513076782,0,0.0
822,0,10,49320,1.1562000513076782,0,0.0
823,0,11,49380,1.2718199491500854,0,0.0
824,0,11,49440,1.2718199491500854,0,0.0
825,0,10,49500,1.1562000513076782,0,0.0
826,0,11,49560,1.2718199491500854,0,0.0
827,1,28,49620,3.237360000610352,20,0.0
828,1,36,49680,4.162320137023927,48,0.0
829,1,50,49740,5.7810001373291025,76,0.0
830,1,40,49800,4.624800205230713,31,0.0
831,0,13,49860,1.503059983253479,0,0.0
832,0,12,49920,1.3874399662017822,0,0.0
833,1,30,49980,3.468600034713745,18,0.0
834,1,28,50040,3.237360000610352,11,0.0
835,0,13,50100,1.503059983253479,0,0.0
836,1,28,50160,3.237360000610352,23,0.0
837,1,32,50220,3.6998400688171382,21,0.0
838,1,40,50280,4.624800205230713,23,0.0
839,1,26,50340,3.006119966506958,3,0.0
840,0,13,50400,1.503059983253479,0,0.0
841,0,13,50460,1.503059983253479,0,0.0
842,0,13,50520,1.503059983253479,0,0.0
843,0,13,50580,1.503059983253479,0,0.0
844,1,28,50640,3.237360000610352,16,0.0
845,1,34,50700,3.931080102920532,55,0.0
846,1,34,50760,3.931080102920532,30,0.0
847,1,28,50820,3.237360000610352,11,0.0
848,1,40,50880,4.624800205230713,65,0.0
849,1,30,50940,3.468600034713745,9,0.0
850,1,40,51000,4.624800205230713,59,0.0
851,1,28,51060,3.237360000610352,7,0.0
852,1,26,51120,3.006119966506958,4,0.0
853,1,44,51180,5.087279796600342,33,0.0
854,1,37,51240,4.277939796447754,0,0.0
855,1,44,51300,5.087279796600342,25,0.0
856,1,35,51360,4.04670000076294,0,0.0
857,1,44,51420,5.087279796600342,19,0.0
858,1,42,51480,4.856040000915527,7,0.0
859,1,42,51540,4.856040000915527,21,0.0
860,1,44,51600,5.087279796600342,29,0.0
861,0,13,51660,1.503059983253479,0,0.0
862,0,13,51720,1.503059983253479,0,0.0
863,0,13,51780,1.503059983253479,0,0.0
864,1,30,51840,3.468600034713745,10,0.0
865,0,13,51900,1.503059983253479,0,0.0
866,0,13,51960,1.503059983253479,0,0.0
867,0,12,52020,1.3874399662017822,0,0.0
868,0,13,52080,1.503059983253479,0,0.0
869,0,13,52140,1.503059983253479,0,0.0
870,1,30,52200,3.468600034713745,18,0.0
871,0,13,52260,1.503059983253479,0,0.0
872,1,26,52320,3.006119966506958,5,0.0
873,0,13,52380,1.503059983253479,0,0.0
874,0,13,52440,1.503059983253479,0,0.0
875,0,13,52500,1.503059983253479,0,0.0
876,0,13,52560,1.503059983253479,0,0.0
877,1,28,52620,3.237360000610352,15,0.0
878,0,13,52680,1.503059983253479,0,0.0
879,0,13,52740,1.503059983253479,0,0.0
880,0,12,52800,1.3874399662017822,0,0.0
881,0,13,52860,1.503059983253479,0,0.0
882,0,13,52920,1.503059983253479,0,0.0
883,0,13,52980,1.503059983253479,0,0.0
884,1,40,53040,4.624800205230713,57,0.0
885,1,60,53100,6.93720006942749,100,0.0
886,1,36,53160,4.162320137023927,41,0.0
887,1,38,53220,4.39355993270874,40,0.0
888,1,38,53280,4.39355993270874,33,0.0
889,1,40,53340,4.624800205230713,21,0.0
890,0,15,53400,1.7343000173568726,0,0.0
891,0,13,53460,1.503059983253479,0,0.0
892,2,58,53520,6.705959796905518,92,0.0
893,3,66,53580,7.630919933319093,114,0.0
894,3,66,53640,7.630919933319093,117,0.0
895,3,91,53700,10.521419525146484,139,0.0
896,2,52,53760,6.012239933013916,96,3.0480000972747803
897,3,66,53820,7.630919933319093,97,3.0480000972747803
898,2,48,53880,5.549759864807129,71,0.0
899,3,60,53940,6.93720006942749,110,0.0
900,3,64,54000,7.399680137634277,112,0.0
901,2,52,54060,6.012239933013916,30,0.0
902,2,44,54120,5.087279796600342,18,0.0
903,3,64,54180,7.399680137634277,116,0.0
904,3,81,54240,9.365220069885254,151,0.0
905,3,75,54300,8.671500205993652,144,0.0
906,3,70,54360,8.093400001525879,115,0.0
907,2,54,54420,6.243480205535889,63,0.0
908,2,46,54480,5.3185200691223145,12,0.0
909,1,39,54540,4.509180068969727,0,0.0
910,2,46,54600,5.3185200691223145,32,0.0
911,2,48,54660,5.549759864807129,18,0.0
912,1,39,54720,4.509180068969727,0,0.0
913,1,33,54780,3.8154599666595455,0,0.0
914,0,13,54840,1.503059983253479,0,0.0
915,1,38,54900,4.39355993270874,51,0.0
916,1,66,54960,7.630919933319093,122,0.0
917,1,50,55020,5.7810001373291025,80,3.0480000972747803
918,1,79,55080,9.13397979736328,137,0.0
919,1,54,55140,6.243480205535889,68,0.0
920,1,44,55200,5.087279796600342,15,3.0480000972747803
921,1,38,55260,4.39355993270874,9,0.0
922,0,13,55320,1.503059983253479,0,0.0
923,1,42,55380,4.856040000915527,62,0.0
924,3,62,55440,7.168439865112305,114,0.0
925,3,68,55500,7.862160205841064,118,0.0
926,3,64,55560,7.399680137634277,106,0.0
927,3,60,55620,6.93720006942749,100,0.0
928,2,58,55680,6.705959796905518,92,0.0
929,3,60,55740,6.93720006942749,100,0.0
930,3,62,55800,7.168439865112305,110,0.0
931,3,64,55860,7.399680137634277,117,0.0
932,3,64,55920,7.399680137634277,119,0.0
933,3,66,55980,7.630919933319093,125,0.0
934,3,60,56040,6.93720006942749,77,0.0
935,3,72,56100,8.324640274047853,108,0.0
936,3,74,56160,8.555879592895508,102,3.0480000972747803
937,3,60,56220,6.93720006942749,81,0.0
938,2,51,56280,5.89661979675293,0,0.0
939,2,56,56340,6.474720001220702,65,0.0
940,3,70,56400,8.093400001525879,141,0.0
941,3,70,56460,8.093400001525879,103,3.0480000972747803
942,3,60,56520,6.93720006942749,67,6.0960001945495605
943,3,60,56580,6.93720006942749,79,0.0
944,3,64,56640,7.399680137634277,86,0.0
945,3,74,56700,8.555879592895508,125,0.0
946,3,70,56760,8.093400001525879,99,0.0
947,3,68,56820,7.862160205841064,106,0.0
948,3,60,56880,6.93720006942749,64,0.0
949,2,58,56940,6.705959796905518,79,0.0
950,3,62,57000,7.168439865112305,92,0.0
951,3,62,57060,7.168439865112305,103,0.0
952,3,62,57120,7.168439865112305,99,0.0
953,3,64,57180,7.399680137634277,109,0.0
954,3,64,57240,7.399680137634277,99,0.0
955,3,64,57300,7.399680137634277,99,0.0
956,3,64,57360,7.399680137634277,101,0.0
957,2,54,57420,6.243480205535889,70,0.0
958,2,44,57480,5.087279796600342,33,0.0
959,2,46,57540,5.3185200691223145,69,0.0
960,2,50,57600,5.7810001373291025,36,0.0
961,2,43,57660,4.971660137176514,0,0.0
962,2,48,57720,5.549759864807129,17,0.0
963,2,48,57780,5.549759864807129,22,0.0
964,3,66,57840,7.630919933319093,112,0.0
965,3,62,57900,7.168439865112305,58,0.0
966,3,66,57960,7.630919933319093,94,0.0
967,3,70,58020,8.093400001525879,111,0.0
968,3,64,58080,7.399680137634277,112,9.144000053405762
969,3,72,58140,8.324640274047853,127,0.0
970,3,89,58200,10.290180206298828,146,0.0
971,3,80,58260,9.249600410461426,114,0.0
972,3,83,58320,9.596460342407227,143,0.0
973,3,85,58380,9.827699661254883,148,0.0
974,3,80,58440,9.249600410461426,120,0.0
975,3,79,58500,9.13397979736328,145,0.0
976,3,74,58560,8.555879592895508,114,3.0480000972747803
977,3,72,58620,8.324640274047853,133,0.0
978,3,74,58680,8.555879592895508,88,0.0
979,3,72,58740,8.324640274047853,50,0.0
980,3,72,58800,8.324640274047853,110,0.0
981,3,76,58860,8.78711986541748,126,0.0
982,3,83,58920,9.596460342407227,153,0.0
983,3,89,58980,10.290180206298828,139,0.0
984,3,90,59040,10.405799865722656,130,0.0
985,3,89,59100,10.290180206298828,134,3.0480000972747803
986,3,84,59160,9.712080001831056,99,3.0480000972747803
987,3,78,59220,9.018360137939453,121,0.0
988,3,82,59280,9.480839729309082,130,0.0
989,3,80,59340,9.249600410461426,1,0.0
990,1,32,59400,3.6998400688171382,25,0.0
991,0,11,59460,1.2718199491500854,0,0.0
992,2,59,59520,6.821579933166504,0,0.0
993,3,62,59580,7.168439865112305,21,0.0
994,2,43,59640,4.971660137176514,0,0.0
995,1,39,59700,4.509180068969727,0,0.0
996,2,46,59760,5.3185200691223145,37,0.0
997,1,35,59820,4.04670000076294,0,0.0
998,1,36,59880,4.162320137023927,9,0.0
999,1,37,59940,4.277939796447754,0,0.0
1000,1,50,60000,5.7810001373291025,17,0.0
1001,1,43,60060,4.971660137176514,0,0.0
1002,1,44,60120,5.087279796600342,25,0.0
1003,1,46,60180,5.3185200691223145,13,0.0
1004,1,42,60240,4.856040000915527,4,0.0
1005,0,13,60300,1.503059983253479,0,0.0
1006,1,34,60360,3.931080102920532,7,0.0
1007,0,13,60420,1.503059983253479,0,0.0
1008,0,13,60480,1.503059983253479,0,0.0
1009,0,13,60540,1.503059983253479,0,0.0
1010,0,13,60600,1.503059983253479,0,0.0
1011,1,30,60660,3.468600034713745,18,0.0
1012,1,32,60720,3.6998400688171382,27,0.0
1013,1,40,60780,4.624800205230713,35,0.0
1014,1,33,60840,3.8154599666595455,0,0.0
1015,1,34,60900,3.931080102920532,7,0.0
1016,1,42,60960,4.856040000915527,5,0.0
1017,1,29,61020,3.352979898452759,0,0.0
1018,0,15,61080,1.7343000173568726,0,0.0
1019,1,31,61140,3.5842199325561523,0,0.0
1020,1,40,61200,4.624800205230713,8,0.0
1021,2,44,61260,5.087279796600342,10,0.0
1022,2,44,61320,5.087279796600342,7,0.0
1023,2,44,61380,5.087279796600342,14,0.0
1024,2,48,61440,5.549759864807129,27,0.0
1025,2,48,61500,5.549759864807129,28,0.0
1026,2,50,61560,5.7810001373291025,25,0.0
1027,2,52,61620,6.012239933013916,24,0.0
1028,2,52,61680,6.012239933013916,10,0.0
1029,2,47,61740,5.434140205383301,0,0.0
1030,2,46,61800,5.3185200691223145,21,0.0
1031,2,46,61860,5.3185200691223145,4,0.0
1032,1,40,61920,4.624800205230713,22,0.0
1033,0,13,61980,1.503059983253479,0,0.0
1034,1,34,62040,3.931080102920532,33,0.0
1035,1,38,62100,4.39355993270874,53,0.0
1036,1,54,62160,6.243480205535889,84,0.0
1037,1,42,62220,4.856040000915527,28,0.0
1038,1,33,62280,3.8154599666595455,0,0.0
1039,0,13,62340,1.503059983253479,0,0.0
1040,0,13,62400,1.503059983253479,0,0.0
1041,1,34,62460,3.931080102920532,17,0.0
1042,0,12,62520,1.3874399662017822,0,0.0
1043,0,13,62580,1.503059983253479,0,0.0
1044,0,13,62640,1.503059983253479,0,0.0
1045,0,13,62700,1.503059983253479,0,0.0
1046,0,12,62760,1.3874399662017822,0,0.0
1047,0,12,62820,1.3874399662017822,0,0.0
1048,0,11,62880,1.2718199491500854,0,0.0
1049,0,10,62940,1.1562000513076782,0,0.0
1050,0,10,63000,1.1562000513076782,0,0.0
1051,0,10,63060,1.1562000513076782,0,0.0
1052,0,10,63120,1.1562000513076782,0,0.0
1053,1,24,63180,2.7748799324035645,9,0.0
1054,1,30,63240,3.468600034713745,37,0.0
1055,1,78,63300,9.018360137939453,92,6.0960001945495605
1056,1,36,63360,4.162320137023927,32,0.0
1057,1,36,63420,4.162320137023927,17,0.0
1058,1,31,63480,3.5842199325561523,0,0.0
1059,1,38,63540,4.39355993270874,6,0.0
1060,1,33,63600,3.8154599666595455,0,0.0
1061,1,35,63660,4.04670000076294,0,0.0
1062,1,33,63720,3.8154599666595455,0,0.0
1063,0,13,63780,1.503059983253479,0,0.0
1064,1,26,63840,3.006119966506958,4,0.0
1065,0,13,63900,1.503059983253479,0,0.0
1066,0,13,63960,1.503059983253479,0,0.0
1067,0,13,64020,1.503059983253479,0,0.0
1068,0,13,64080,1.503059983253479,0,0.0
1069,1,30,64140,3.468600034713745,15,0.0
1070,0,13,64200,1.503059983253479,0,0.0
1071,1,26,64260,3.006119966506958,4,0.0
1072,0,13,64320,1.503059983253479,0,0.0
1073,0,13,64380,1.503059983253479,0,0.0
1074,1,26,64440,3.006119966506958,8,0.0
1075,0,13,64500,1.503059983253479,0,0.0
1076,0,13,64560,1.503059983253479,0,0.0
1077,0,13,64620,1.503059983253479,0,0.0
1078,0,15,64680,1.7343000173568726,0,0.0
1079,1,30,64740,3.468600034713745,6,0.0
1080,0,13,64800,1.503059983253479,0,0.0
1081,1,30,64860,3.468600034713745,14,0.0
1082,0,13,64920,1.503059983253479,0,0.0
1083,0,13,64980,1.503059983253479,0,0.0
1084,0,13,65040,1.503059983253479,0,0.0
1085,0,12,65100,1.3874399662017822,0,0.0
1086,1,30,65160,3.468600034713745,10,0.0
1087,0,13,65220,1.503059983253479,0,0.0
1088,0,12,65280,1.3874399662017822,0,0.0
1089,0,13,65340,1.503059983253479,0,0.0
1090,0,13,65400,1.503059983253479,0,0.0
1091,0,13,65460,1.503059983253479,0,0.0
1092,0,13,65520,1.503059983253479,0,0.0
1093,0,13,65580,1.503059983253479,0,0.0
1094,1,30,65640,3.468600034713745,11,0.0
1095,1,30,65700,3.468600034713745,8,0.0
1096,0,13,65760,1.503059983253479,0,0.0
1097,0,13,65820,1.503059983253479,0,0.0
1098,1,28,65880,3.237360000610352,7,0.0
1099,1,30,65940,3.468600034713745,8,0.0
1100,1,28,66000,3.237360000610352,7,0.0
1101,1,32,66060,3.6998400688171382,6,0.0
1102,0,13,66120,1.503059983253479,0,0.0
1103,0,13,66180,1.503059983253479,0,0.0
1104,1,26,66240,3.006119966506958,5,0.0
1105,0,13,66300,1.503059983253479,0,0.0
1106,0,12,66360,1.3874399662017822,0,0.0
1107,1,34,66420,3.931080102920532,9,0.0
1108,0,13,66480,1.503059983253479,0,0.0
1109,0,13,66540,1.503059983253479,0,0.0
1110,0,13,66600,1.503059983253479,0,0.0
1111,0,13,66660,1.503059983253479,0,0.0
1112,0,13,66720,1.503059983253479,0,0.0
1113,1,40,66780,4.624800205230713,24,0.0
1114,1,34,66840,3.931080102920532,10,0.0
1115,0,12,66900,1.3874399662017822,0,0.0
1116,0,12,66960,1.3874399662017822,0,0.0
1117,0,12,67020,1.3874399662017822,0,0.0
1118,0,13,67080,1.503059983253479,0,0.0
1119,0,13,67140,1.503059983253479,0,0.0
1120,0,13,67200,1.503059983253479,0,0.0
1121,0,13,67260,1.503059983253479,0,0.0
1122,1,32,67320,3.6998400688171382,6,0.0
1123,0,12,67380,1.3874399662017822,0,0.0
1124,0,13,67440,1.503059983253479,0,0.0
1125,0,12,67500,1.3874399662017822,0,0.0
1126,0,13,67560,1.503059983253479,0,0.0
1127,1,28,67620,3.237360000610352,0,0.0
1128,1,28,67680,3.237360000610352,0,0.0
1129,0,15,67740,1.7343000173568726,0,0.0
1130,0,12,67800,1.3874399662017822,0,0.0
1131,0,12,67860,1.3874399662017822,0,0.0
1132,0,13,67920,1.503059983253479,0,0.0
1133,0,13,67980,1.503059983253479,0,0.0
1134,0,13,68040,1.503059983253479,0,0.0
1135,0,13,68100,1.503059983253479,0,0.0
1136,0,13,68160,1.503059983253479,0,0.0
1137,1,34,68220,3.931080102920532,7,0.0
1138,0,13,68280,1.503059983253479,0,0.0
1139,0,12,68340,1.3874399662017822,0,0.0
1140,0,13,68400,1.503059983253479,0,0.0
1141,0,13,68460,1.503059983253479,0,0.0
1142,1,34,68520,3.931080102920532,6,0.0
1143,0,13,68580,1.503059983253479,0,0.0
1144,0,12,68640,1.3874399662017822,0,0.0
1145,0,13,68700,1.503059983253479,0,0.0
1146,0,13,68760,1.503059983253479,0,0.0
1147,0,14,68820,1.6186800003051758,0,0.0
1148,0,15,68880,1.7343000173568726,0,0.0
1149,0,15,68940,1.7343000173568726,0,0.0
1150,1,34,69000,3.931080102920532,9,0.0
1151,0,13,69060,1.503059983253479,0,0.0
1152,0,13,69120,1.503059983253479,0,0.0
1153,0,13,69180,1.503059983253479,0,0.0
1154,1,36,69240,4.162320137023927,21,0.0
1155,1,42,69300,4.856040000915527,44,0.0
1156,1,42,69360,4.856040000915527,39,0.0
1157,2,48,69420,5.549759864807129,52,0.0
1158,2,46,69480,5.3185200691223145,20,0.0
1159,1,29,69540,3.352979898452759,0,0.0
1160,1,42,69600,4.856040000915527,34,0.0
1161,2,48,69660,5.549759864807129,49,0.0
1162,2,58,69720,6.705959796905518,83,0.0
1163,3,60,69780,6.93720006942749,94,0.0
1164,2,58,69840,6.705959796905518,94,0.0
1165,2,50,69900,5.7810001373291025,69,0.0
1166,2,46,69960,5.3185200691223145,10,0.0
1167,2,54,70020,6.243480205535889,11,0.0
1168,1,39,70080,4.509180068969727,0,0.0
1169,1,35,70140,4.04670000076294,0,0.0
1170,0,13,70200,1.503059983253479,0,0.0
1171,1,42,70260,4.856040000915527,49,0.0
1172,2,54,70320,6.243480205535889,83,0.0
1173,2,52,70380,6.012239933013916,76,0.0
1174,3,60,70440,6.93720006942749,103,0.0
1175,3,62,70500,7.168439865112305,111,0.0
1176,3,62,70560,7.168439865112305,106,0.0
1177,3,62,70620,7.168439865112305,108,0.0
1178,3,70,70680,8.093400001525879,98,6.0960001945495605
1179,2,56,70740,6.474720001220702,110,0.0
1180,1,42,70800,4.856040000915527,52,0.0
1181,1,42,70860,4.856040000915527,4,0.0
1182,2,48,70920,5.549759864807129,45,0.0
1183,3,60,70980,6.93720006942749,96,0.0
1184,3,62,71040,7.168439865112305,101,0.0
1185,3,62,71100,7.168439865112305,107,0.0
1186,3,64,71160,7.399680137634277,109,0.0
1187,3,62,71220,7.168439865112305,104,0.0
1188,2,50,71280,5.7810001373291025,109,0.0
1189,3,62,71340,7.168439865112305,108,0.0
1190,3,62,71400,7.168439865112305,100,0.0
1191,2,58,71460,6.705959796905518,72,0.0
1192,1,42,71520,4.856040000915527,33,0.0
1193,1,33,71580,3.8154599666595455,0,0.0
1194,1,40,71640,4.624800205230713,10,0.0
1195,1,39,71700,4.509180068969727,0,0.0
1196,1,46,71760,5.3185200691223145,6,0.0
1197,1,44,71820,5.087279796600342,6,0.0
1198,1,36,71880,4.162320137023927,16,0.0
1199,1,36,71940,4.162320137023927,15,0.0
1200,1,26,72000,3.006119966506958,4,0.0
1201,0,13,72060,1.503059983253479,0,0.0
1202,1,26,72120,3.006119966506958,12,0.0
1203,0,13,72180,1.503059983253479,0,0.0
1204,0,13,72240,1.503059983253479,0,0.0
1205,0,11,72300,1.2718199491500854,0,0.0
1206,0,13,72360,1.503059983253479,0,0.0
1207,0,13,72420,1.503059983253479,0,0.0
1208,1,34,72480,3.931080102920532,17,0.0
1209,0,13,72540,1.503059983253479,0,0.0
1210,0,13,72600,1.503059983253479,0,0.0
1211,1,30,72660,3.468600034713745,8,0.0
1212,1,30,72720,3.468600034713745,6,0.0
1213,0,13,72780,1.503059983253479,0,0.0
1214,0,13,72840,1.503059983253479,0,0.0
1215,1,32,72900,3.6998400688171382,11,0.0
1216,1,32,72960,3.6998400688171382,6,0.0
1217,0,15,73020,1.7343000173568726,0,0.0
1218,0,15,73080,1.7343000173568726,0,0.0
1219,0,13,73140,1.503059983253479,0,0.0
1220,0,12,73200,1.3874399662017822,0,0.0
1221,0,13,73260,1.503059983253479,0,0.0
1222,0,13,73320,1.503059983253479,0,0.0
1223,0,13,73380,1.503059983253479,0,0.0
1224,0,13,73440,1.503059983253479,0,0.0
1225,0,13,73500,1.503059983253479,0,0.0
1226,0,13,73560,1.503059983253479,0,0.0
1227,1,30,73620,3.468600034713745,7,0.0
1228,1,32,73680,3.6998400688171382,15,0.0
1229,0,13,73740,1.503059983253479,0,0.0
1230,1,38,73800,4.39355993270874,17,0.0
1231,1,31,73860,3.5842199325561523,0,0.0
1232,1,35,73920,4.04670000076294,0,0.0
1233,1,40,73980,4.624800205230713,11,0.0
1234,1,42,74040,4.856040000915527,8,0.0
1235,1,38,74100,4.39355993270874,5,0.0
1236,1,36,74160,4.162320137023927,3,0.0
1237,0,13,74220,1.503059983253479,0,0.0
1238,0,13,74280,1.503059983253479,0,0.0
1239,0,12,74340,1.3874399662017822,0,0.0
1240,0,13,74400,1.503059983253479,0,0.0
1241,0,13,74460,1.503059983253479,0,0.0
1242,0,13,74520,1.503059983253479,0,0.0
1243,0,13,74580,1.503059983253479,0,0.0
1244,0,13,74640,1.503059983253479,0,0.0
1245,0,13,74700,1.503059983253479,0,0.0
1246,0,13,74760,1.503059983253479,0,0.0
1247,1,34,74820,3.931080102920532,21,0.0
1248,1,30,74880,3.468600034713745,9,0.0
1249,0,13,74940,1.503059983253479,0,0.0
1250,0,13,75000,1.503059983253479,0,0.0
1251,1,28,75060,3.237360000610352,7,0.0
1252,0,13,75120,1.503059983253479,0,0.0
1253,0,13,75180,1.503059983253479,0,0.0
1254,0,13,75240,1.503059983253479,0,0.0
1255,1,32,75300,3.6998400688171382,21,0.0
1256,0,13,75360,1.503059983253479,0,0.0
1257,1,26,75420,3.006119966506958,4,0.0
1258,0,13,75480,1.503059983253479,0,0.0
1259,0,13,75540,1.503059983253479,0,0.0
1260,0,13,75600,1.503059983253479,0,0.0
1261,0,13,75660,1.503059983253479,0,0.0
1262,0,13,75720,1.503059983253479,0,0.0
1263,0,13,75780,1.503059983253479,0,0.0
1264,0,13,75840,1.503059983253479,0,0.0
1265,0,13,75900,1.503059983253479,0,0.0
1266,0,13,75960,1.503059983253479,0,0.0
1267,0,13,76020,1.503059983253479,0,0.0
1268,1,34,76080,3.931080102920532,20,0.0
1269,1,32,76140,3.6998400688171382,18,0.0
1270,0,13,76200,1.503059983253479,0,0.0
1271,1,30,76260,3.468600034713745,16,0.0
1272,1,26,76320,3.006119966506958,4,0.0
1273,0,13,76380,1.503059983253479,0,0.0
1274,0,12,76440,1.3874399662017822,0,0.0
1275,0,13,76500,1.503059983253479,0,0.0
1276,1,30,76560,3.468600034713745,22,0.0
1277,1,26,76620,3.006119966506958,4,0.0
1278,0,10,76680,1.1562000513076782,0,0.0
1279,0,12,76740,1.3874399662017822,0,0.0
1280,0,13,76800,1.503059983253479,0,0.0
1281,0,13,76860,1.503059983253479,0,0.0
1282,1,28,76920,3.237360000610352,9,0.0
1283,0,13,76980,1.503059983253479,0,0.0
1284,0,13,77040,1.503059983253479,0,0.0
1285,1,26,77100,3.006119966506958,4,0.0
1286,0,12,77160,1.3874399662017822,0,0.0
1287,1,28,77220,3.237360000610352,6,0.0
1288,0,13,77280,1.503059983253479,0,0.0
1289,1,28,77340,3.237360000610352,6,0.0
1290,0,13,77400,1.503059983253479,0,0.0
1291,0,13,77460,1.503059983253479,0,0.0
1292,1,28,77520,3.237360000610352,5,0.0
1293,0,12,77580,1.3874399662017822,0,0.0
1294,1,28,77640,3.237360000610352,11,0.0
1295,1,30,77700,3.468600034713745,10,0.0
1296,0,13,77760,1.503059983253479,0,0.0
1297,0,13,77820,1.503059983253479,0,0.0
1298,0,13,77880,1.503059983253479,0,0.0
1299,1,30,77940,3.468600034713745,17,0.0
1300,1,30,78000,3.468600034713745,14,0.0
1301,0,13,78060,1.503059983253479,0,0.0
1302,1,28,78120,3.237360000610352,7,0.0
1303,0,13,78180,1.503059983253479,0,0.0
1304,1,28,78240,3.237360000610352,7,0.0
1305,1,30,78300,3.468600034713745,8,0.0
1306,0,13,78360,1.503059983253479,0,0.0
1307,0,13,78420,1.503059983253479,0,0.0
1308,1,28,78480,3.237360000610352,7,0.0
1309,1,28,78540,3.237360000610352,7,0.0
1310,1,28,78600,3.237360000610352,8,0.0
1311,0,13,78660,1.503059983253479,0,0.0
1312,0,13,78720,1.503059983253479,0,0.0
1313,0,12,78780,1.3874399662017822,0,0.0
1314,1,24,78840,2.7748799324035645,5,0.0
1315,0,13,78900,1.503059983253479,0,0.0
1316,1,30,78960,3.468600034713745,13,0.0
1317,0,13,79020,1.503059983253479,0,0.0
1318,1,36,79080,4.162320137023927,35,0.0
1319,1,34,79140,3.931080102920532,27,0.0
1320,1,48,79200,5.549759864807129,80,0.0
1321,1,62,79260,7.168439865112305,90,3.0480000972747803
1322,1,52,79320,6.012239933013916,49,3.0480000972747803
1323,1,41,79380,4.740419864654541,0,0.0
1324,1,39,79440,4.509180068969727,0,0.0
1325,1,46,79500,5.3185200691223145,32,0.0
1326,1,30,79560,3.468600034713745,0,0.0
1327,0,13,79620,1.503059983253479,0,0.0
1328,0,13,79680,1.503059983253479,0,0.0
1329,1,26,79740,3.006119966506958,14,0.0
1330,0,13,79800,1.503059983253479,0,0.0
1331,1,52,79860,6.012239933013916,79,0.0
1332,0,12,79920,1.3874399662017822,0,0.0
1333,0,12,79980,1.3874399662017822,0,0.0
1334,0,12,80040,1.3874399662017822,0,0.0
1335,0,12,80100,1.3874399662017822,0,0.0
1336,0,10,80160,1.1562000513076782,0,0.0
1337,0,10,80220,1.1562000513076782,0,0.0
1338,0,11,80280,1.2718199491500854,0,0.0
1339,0,10,80340,1.1562000513076782,0,0.0
1340,0,10,80400,1.1562000513076782,0,0.0
1341,0,12,80460,1.3874399662017822,0,0.0
1342,0,12,80520,1.3874399662017822,0,0.0
1343,0,12,80580,1.3874399662017822,0,0.0
1344,0,12,80640,1.3874399662017822,0,0.0
1345,0,11,80700,1.2718199491500854,0,0.0
1346,1,24,80760,2.7748799324035645,8,0.0
1347,0,11,80820,1.2718199491500854,0,0.0
1348,0,11,80880,1.2718199491500854,0,0.0
1349,0,13,80940,1.503059983253479,0,0.0
1350,0,13,81000,1.503059983253479,0,0.0
1351,0,13,81060,1.503059983253479,0,0.0
1352,0,13,81120,1.503059983253479,0,0.0
1353,2,44,81180,5.087279796600342,70,0.0
1354,2,58,81240,6.705959796905518,102,0.0
1355,2,58,81300,6.705959796905518,103,0.0
1356,3,60,81360,6.93720006942749,104,0.0
1357,2,58,81420,6.705959796905518,98,0.0
1358,2,58,81480,6.705959796905518,100,0.0
1359,2,56,81540,6.474720001220702,95,0.0
1360,2,52,81600,6.012239933013916,83,0.0
1361,2,56,81660,6.474720001220702,97,0.0
1362,3,60,81720,6.93720006942749,102,0.0
1363,2,58,81780,6.705959796905518,98,0.0
1364,3,60,81840,6.93720006942749,98,0.0
1365,2,58,81900,6.705959796905518,96,0.0
1366,2,58,81960,6.705959796905518,98,0.0
1367,2,56,82020,6.474720001220702,98,0.0
1368,2,56,82080,6.474720001220702,95,0.0
1369,3,60,82140,6.93720006942749,98,0.0
1370,2,58,82200,6.705959796905518,92,0.0
1371,2,56,82260,6.474720001220702,93,0.0
1372,2,58,82320,6.705959796905518,100,0.0
1373,2,58,82380,6.705959796905518,99,0.0
1374,3,60,82440,6.93720006942749,99,0.0
1375,3,62,82500,7.168439865112305,101,0.0
1376,2,56,82560,6.474720001220702,97,0.0
1377,2,58,82620,6.705959796905518,95,0.0
1378,3,62,82680,7.168439865112305,91,0.0
1379,3,60,82740,6.93720006942749,97,0.0
1380,3,64,82800,7.399680137634277,98,0.0
1381,2,56,82860,6.474720001220702,92,0.0
1382,2,56,82920,6.474720001220702,96,0.0
1383,2,58,82980,6.705959796905518,98,0.0
1384,3,60,83040,6.93720006942749,98,0.0
1385,3,60,83100,6.93720006942749,101,0.0
1386,2,56,83160,6.474720001220702,99,0.0
1387,2,58,83220,6.705959796905518,101,0.0
1388,2,58,83280,6.705959796905518,101,0.0
1389,2,58,83340,6.705959796905518,100,0.0
1390,2,56,83400,6.474720001220702,99,0.0
1391,2,56,83460,6.474720001220702,96,0.0
1392,2,56,83520,6.474720001220702,96,0.0
1393,2,56,83580,6.474720001220702,96,0.0
1394,2,58,83640,6.705959796905518,100,0.0
1395,2,58,83700,6.705959796905518,100,0.0
1396,2,58,83760,6.705959796905518,99,0.0
1397,2,56,83820,6.474720001220702,99,0.0
1398,2,58,83880,6.705959796905518,99,0.0
1399,2,56,83940,6.474720001220702,93,0.0
1400,2,56,84000,6.474720001220702,97,0.0
1401,2,56,84060,6.474720001220702,97,0.0
1402,2,54,84120,6.243480205535889,89,0.0
1403,2,50,84180,5.7810001373291025,81,0.0
1404,2,56,84240,6.474720001220702,95,0.0
1405,2,58,84300,6.705959796905518,101,0.0
1406,3,60,84360,6.93720006942749,99,0.0
1407,2,46,84420,5.3185200691223145,48,0.0
1408,1,38,84480,4.39355993270874,25,0.0
1409,0,13,84540,1.503059983253479,0,0.0
1410,0,10,84600,1.1562000513076782,0,0.0
1411,0,10,84660,1.1562000513076782,0,0.0
1412,0,10,84720,1.1562000513076782,0,0.0
1413,0,10,84780,1.1562000513076782,0,0.0
1414,0,10,84840,1.1562000513076782,0,0.0
1415,0,10,84900,1.1562000513076782,0,0.0
1416,0,10,84960,1.1562000513076782,0,0.0
1417,0,10,85020,1.1562000513076782,0,0.0
1418,0,10,85080,1.1562000513076782,0,0.0
1419,0,10,85140,1.1562000513076782,0,0.0
1420,0,10,85200,1.1562000513076782,0,0.0
1421,0,10,85260,1.1562000513076782,0,0.0
1422,0,11,85320,1.2718199491500854,0,0.0
1423,1,44,85380,5.087279796600342,7,0.0
1424,1,46,85440,5.3185200691223145,14,0.0
1425,0,12,85500,1.3874399662017822,0,0.0
1426,0,10,85560,1.1562000513076782,0,0.0
1427,0,10,85620,1.1562000513076782,0,0.0
1428,0,10,85680,1.1562000513076782,0,0.0
1429,0,10,85740,1.1562000513076782,0,0.0
1430,0,10,85800,1.1562000513076782,0,0.0
1431,0,10,85860,1.1562000513076782,0,0.0
1432,0,11,85920,1.2718199491500854,0,0.0
1433,0,11,85980,1.2718199491500854,0,0.0
1434,0,11,86040,1.2718199491500854,0,0.0
1435,0,13,86100,1.503059983253479,0,0.0
1436,0,13,86160,1.503059983253479,0,0.0
1437,0,10,86220,1.1562000513076782,0,0.0
1438,0,10,86280,1.1562000513076782,0,0.0
1439,0,10,86340,1.1562000513076782,0,0.0
